"","Entity","Year","Code","nuclear_weapons_stockpile","military1","const_expenditure","curr_expenditure","GDPShare","govtShare","Miliary_exp_mil"
"1","China",1988,"CHN",228,6004000,19576.596589557,11251.332630388,0.0244710131532583,0.13206339977679,35645.666315194
"2","China",1989,"CHN",230,6004000,19576.596589557,11251.332630388,0.0244710131532583,0.13206339977679,35645.666315194
"3","China",1990,"CHN",232,6004000,21281.5764286053,9926.34925081692,0.0245401611552735,0.137473617006491,34983.1746254085
"4","China",1991,"CHN",234,6004000,22620.36200553,9802.37536607312,0.0231124341155315,0.142536409948237,34921.1876830366
"5","China",1992,"CHN",234,6004000,27509.2485370267,12244.2678422149,0.0244954206753443,0.168676255164799,36142.1339211075
"6","China",1993,"CHN",234,6004000,25297.171578338,12360.2258606446,0.0192806687404062,0.147961048080659,36200.1129303223
"7","China",1994,"CHN",234,6004000,24340.8772964727,9867.12006627418,0.0169347959870483,0.140883852274478,34953.5600331371
"8","China",1995,"CHN",234,6004000,25281.7799397614,12385.1294749875,0.0168623388691537,0.151579223649271,36212.5647374937
"9","China",1996,"CHN",234,6004000,26783.8685200169,14275.4008199732,0.0165272667000964,0.149527564537426,37157.7004099866
"10","China",1997,"CHN",232,6004000,28573.4675600047,15699.5867685755,0.0163265067284541,0.140949696959647,37869.7933842877
"11","China",1998,"CHN",232,6004000,31198.6922851269,17031.7801996918,0.0165508069090551,0.130582586141406,38535.8900998459
"12","China",1999,"CHN",232,6004000,38033.7874361534,20473.9150947667,0.0187146591412577,0.125206707139387,40256.9575473833
"13","China",2000,"CHN",232,6004000,41167.3434800855,22237.1401512145,0.018303437176953,0.113387431703261,41138.5700756072
"14","China",2001,"CHN",235,6004000,48813.3822411676,26561.4629982924,0.0197618599097992,0.114198984467392,43300.7314991462
"15","China",2002,"CHN",235,6004000,56064.3539776357,30284.1274099972,0.0204968606201025,0.111891274367617,45162.0637049986
"16","China",2003,"CHN",235,6004000,60675.1938887723,33144.0004814458,0.0198340627424446,0.109738296106415,46592.0002407229
"17","China",2004,"CHN",235,6733770,66832.0564073786,37904.571826996,0.0192776497620507,0.108797945926996,52621.135913498
"18","China",2005,"CHN",235,8146560,73390.2471068438,42789.9536509024,0.0185334243982047,0.102287613100585,62127.7768254512
"19","China",2006,"CHN",235,11966560,84476.9519885385,51453.3732338486,0.0185464883982163,0.10187304699294,85559.4866169243
"20","China",2007,"CHN",235,7558560,92862.2056942764,62136.5907545887,0.0173981285883451,0.0962773653825956,68861.0953772944
"21","China",2008,"CHN",235,13874980,101601.438251314,78840.8028198629,0.0171233436060411,0.0764650934992803,108795.301409931
"22","China",2009,"CHN",240,13874980,123287.193196601,96601.6667529542,0.0188613315154918,0.073992884936945,117675.733376477
"23","China",2010,"CHN",240,11774700,129359.45309854,105522.648101838,0.0173947515006373,0.0696911584511205,111634.824050919
"24","China",2011,"CHN",240,11774700,138869.453366725,125286.373164011,0.0166557605252678,0.0616618115195222,121516.686582005
"25","China",2012,"CHN",240,15232500,153137.643796996,145127.609596207,0.0169336816326385,0.0603539585943168,148726.304798104
"26","China",2013,"CHN",250,16960800,165588.732015379,164070.469321744,0.0170285509558016,0.0596763314725654,166839.234660872
"27","China",2014,"CHN",250,19998900,178806.152020359,182109.32599168,0.0172868906768382,0.0596824893883425,191049.16299584
"28","China",2015,"CHN",260,22011600,192843.125211127,196538.82723079,0.0175071776735043,0.0559544699877189,208327.413615395
"29","China",2016,"CHN",260,21195000,203944.216417058,198538.361427554,0.0177069571932743,0.055450283479378,205244.180713777
"30","China",2017,"CHN",270,21195000,216487.099942367,210443.034740968,0.0174645507017874,0.0542723076541776,211196.517370484
"31","China",2018,"CHN",280,21195000,229168.100155504,232530.595985266,0.0173953368321942,0.0510214975117353,222240.297992633
"32","China",2019,"CHN",290,21195000,240332.555458151,240332.555458151,0.017278278625043,0.0491195189563631,226141.277729076
"33","China",2020,"CHN",350,21195000,244933.509534944,252304.223741309,0.0174979577278881,0.0468554817502816,232127.111870655
"34","France",1988,"FRA",410,3052004,50998.0618857469,30327.2707410937,0.0296318060884889,0.0587778044320816,30423.6553705469
"35","France",1989,"FRA",410,2969545,51623.2097751236,29665.4543354031,0.028799353124635,0.0584911677309422,29680.4521677015
"36","France",1990,"FRA",505,3710276,51394.8715812028,35774.4303249841,0.0280526762706676,0.0562272477258817,36438.595162492
"37","France",1991,"FRA",540,3766593,51729.5686449216,35869.1209152144,0.0281213643806721,0.0551194517377115,36767.5254576072
"38","France",1992,"FRA",540,4290192,50102.0676692332,37902.2698207805,0.0269066071063176,0.0514267602267547,40402.0949103902
"39","France",1993,"FRA",525,4186742,49546.9841882392,35775.2732928873,0.0268953480643636,0.048987591294078,38821.3466464437
"40","France",1994,"FRA",510,4432700,49801.8883370886,37288.606059734,0.0266037496035159,0.0489696377122681,40807.803029867
"41","France",1995,"FRA",500,4444600,47336.5088011866,40124.0241383696,0.0249249618936836,0.0457260679176181,42285.0120691848
"42","France",1996,"FRA",450,4444600,46210.5407598703,38977.7340957754,0.0241447395059335,0.0442295444506778,41711.8670478877
"43","France",1997,"FRA",450,4444600,46377.4940969771,34697.9040991796,0.0237540965314127,0.0437956330391438,39571.9520495898
"44","France",1998,"FRA",450,4444600,45144.7898711231,33633.5612832294,0.0222620830652768,0.0422779323913665,39039.7806416147
"45","France",1999,"FRA",450,2088000,45524.5533672321,32672.7142848488,0.0217784297022174,0.0415916682254688,26776.3571424244
"46","France",2000,"FRA",470,4656000,45009.6162854001,28403.1389487059,0.0208501824480333,0.0403664247573078,37481.5694743529
"47","France",2001,"FRA",350,4656000,44870.8574422118,27951.566384416,0.0203069528996546,0.0392645351975583,37255.783192208
"48","France",2002,"FRA",350,1782000,45792.7750885697,30578.3989328217,0.0204625799037992,0.0387583863805826,24199.1994664108
"49","France",2003,"FRA",350,4490380,47174.1053061303,38569.1158129361,0.020956804128006,0.0393403524955552,41736.457906468
"50","France",2004,"FRA",350,6048000,48462.0122268752,44524.5796125999,0.0210435083527246,0.0397160816369336,52502.2898062999
"51","France",2005,"FRA",350,4461600,47468.6662245908,44442.0505231392,0.0202370691892637,0.0379724453303837,44529.0252615696
"52","France",2006,"FRA",350,6418300,47687.3874477193,45792.1484155244,0.0197509829987374,0.0373536019722208,54987.5742077622
"53","France",2007,"FRA",350,7186800,47669.4148212303,50684.4673844229,0.0190752863357749,0.0362885898295714,61276.2336922115
"54","France",2008,"FRA",300,7831200,47322.9825776483,55365.965844831,0.0189707589581907,0.0355948832790609,66838.9829224155
"55","France",2009,"FRA",300,7831200,50824.2354917169,56441.455398191,0.0209814733452729,0.0367118007286521,67376.7276990955
"56","France",2010,"FRA",300,6912000,48414.9721013959,52044.0605650524,0.0196941935275241,0.0346230230152887,60582.0302825262
"57","France",2011,"FRA",300,6912000,46975.2010841178,54120.8710095016,0.0189140621361087,0.0336006966306541,61620.4355047508
"58","France",2012,"FRA",300,5977800,46253.6158227961,50216.5074031664,0.0187108059984757,0.032764313647162,54997.2537015832
"59","France",2013,"FRA",300,6240200,45953.9416114491,52001.4624476638,0.0184987591828694,0.032324769425109,57201.7312238319
"60","France",2014,"FRA",300,6360900,46753.6805458788,53134.7508988024,0.0186296143947269,0.0325615126608226,58371.8754494012
"61","France",2015,"FRA",300,5520000,48032.6841297447,45647.4716405013,0.0187225828127684,0.032963702715752,50423.7358202506
"62","France",2016,"FRA",300,5564000,49894.985323301,47370.5895526306,0.0191728236804142,0.0338382017312286,51505.2947763153
"63","France",2017,"FRA",300,5564000,50551.4522011373,49195.6622503198,0.0190864201234437,0.0337938431481997,52417.8311251599
"64","France",2018,"FRA",300,5564000,49304.3512462932,51409.8128385916,0.0184505339891481,0.0331466333022637,53524.9064192958
"65","France",2019,"FRA",300,5564000,50118.9292119346,50118.9292119346,0.018454911956468,0.0332144927200191,52879.4646059673
"66","France",2020,"FRA",290,5564000,51572.2301066409,52747.0648580873,0.0207332142732331,0.032863082915813,54193.5324290437
"67","India",1988,"IND",0,868625,19850.8131414219,11346.4191534156,0.0372867178276269,0.147782733736195,10016.3345767078
"68","India",1989,"IND",0,836955,20917.6861396863,10589.796924594,0.0353417972767288,0.135662007082147,9479.673462297
"69","India",1990,"IND",0,840060,20604.3512225631,10537.0354500528,0.0314621461029961,0.124005838732906,9468.81772502643
"70","India",1991,"IND",0,729896,19238.59767527,8622.47388138455,0.0290997432764267,0.108575159613373,7960.71694069227
"71","India",1992,"IND",0,732530,18386.5055077733,8083.23140970982,0.0270483970561409,0.103122997242532,7704.26570485491
"72","India",1993,"IND",0,718620,20766.7889895231,8253.54258148511,0.0282354224568723,0.109685970547345,7719.87129074256
"73","India",1994,"IND",0,752450,20859.463917461,8880.5512260269,0.0266467372708604,0.103457363753872,8202.52561301345
"74","India",1995,"IND",0,828496,21484.700505208,9754.4646298929,0.0257848357246069,0.105032518311266,9019.71231494645
"75","India",1996,"IND",0,828496,21874.2322360688,9904.67273630381,0.024727682254674,0.103272806402689,9094.8163681519
"76","India",1997,"IND",0,828496,24214.0663733855,11464.8833898324,0.0264773242601716,0.106779015256866,9874.92169491619
"77","India",1998,"IND",3,1279590,25263.2403610937,11920.6108183832,0.0272731141679376,0.106595076235281,12358.2554091916
"78","India",1999,"IND",8,1279590,29359.5851035237,13895.562461387,0.0295719564743412,0.116405638176475,13345.7312306935
"79","India",2000,"IND",13,1008320,30295.5351461024,14287.5142407035,0.0294892990622572,0.115030570436152,12185.3571203517
"80","India",2001,"IND",18,1298120,31350.6900956937,14600.6423460997,0.029244355462896,0.105239515332745,13790.9211730499
"81","India",2002,"IND",23,1298120,31253.6520285599,14749.6672515907,0.0282686683045838,0.0987955589893551,13865.4336257954
"82","India",2003,"IND",28,1398120,31951.4667820035,16333.986643282,0.0267777693222748,0.0910011815104557,15157.593321641
"83","India",2004,"IND",33,1976000,37114.5502512862,20238.5665265411,0.0282875224798105,0.101174290766392,19999.2832632706
"84","India",2005,"IND",38,1901200,39498.1695284604,23072.3129251701,0.0275490766621496,0.104231282650738,21042.156462585
"85","India",2006,"IND",43,2368080,39818.200893279,23951.9279581522,0.0252680863026345,0.0947841592304699,23816.3639790761
"86","India",2007,"IND",50,2692560,40299.2093903019,28254.7734500647,0.024782482091706,0.0885118220824436,27590.1867250323
"87","India",2008,"IND",60,3059260,45709.3816838748,33002.3767273797,0.0263146214095939,0.0888878144187237,31797.4883636899
"88","India",2009,"IND",70,3059260,53815.6951696506,38722.1543921843,0.0312938717929943,0.103147376035576,34657.3771960922
"89","India",2010,"IND",80,4599900,54032.1025394423,46090.4456565003,0.0288946132772858,0.0986423032373848,46044.7228282501
"90","India",2011,"IND",90,4599900,54555.42894816,49633.8157937027,0.0270448355847068,0.0959276741774918,47816.4078968513
"91","India",2012,"IND",100,4805100,54361.2700272582,47216.9200482061,0.0261816761903533,0.0927262106429304,47633.9600241031
"92","India",2013,"IND",110,4787200,53960.8463164782,47403.5288014226,0.0254882567900998,0.0929598319740853,47637.7644007113
"93","India",2014,"IND",100,5111760,56756.3141256791,50914.096277083,0.0254398250277129,0.0950479048984597,51015.8481385415
"94","India",2015,"IND",110,5141040,56773.0618027565,51295.4837539436,0.0245745060051391,0.0883119896244641,51352.9418769718
"95","India",2016,"IND",120,5584100,62567.4702397196,56637.6226408741,0.0254315118788674,0.0908014726923891,56239.311320437
"96","India",2017,"IND",130,5584100,67522.1239061038,64559.4352806927,0.0253146258766694,0.0939038636879153,60200.2176403463
"97","India",2018,"IND",140,5584100,69285.4245955704,66257.801718275,0.0243392206663758,0.0900634250795697,61049.4008591375
"98","India",2019,"IND",140,5584100,71468.9005243041,71468.9005243041,0.025191207637745,0.0898606506067141,63654.9502621521
"99","India",2020,"IND",150,5584100,73000.865182533,72887.4466043041,0.0288267039974077,0.0908232082739796,64364.223302152
"100","Israel",1988,"ISR",49,569690,14715.3462233269,6999.57498530434,0.159470945572914,0.140503782050795,6348.23749265217
"101","Israel",1989,"ISR",51,577538,11631.2389750893,5550.71026044257,0.124457326547219,0.140503782050795,5663.04513022128
"102","Israel",1990,"ISR",53,657238,12283.3833164244,6528.76733123656,0.12362686187267,0.140503782050795,6550.57366561828
"103","Israel",1991,"ISR",56,678868,16687.5117087936,9337.64989462416,0.155869829136602,0.140503782050795,8063.16494731208
"104","Israel",1992,"ISR",58,699028,12596.901798055,7313.3883897285,0.10925077527679,0.140503782050795,7151.83419486425
"105","Israel",1993,"ISR",60,634088,13852.4467658147,7752.80669997369,0.115232439907469,0.140503782050795,7046.84334998684
"106","Israel",1994,"ISR",62,669859,13151.8865185852,7772.18726759513,0.101199658353758,0.140503782050795,7235.38863379756
"107","Israel",1995,"ISR",63,720613,12219.7608439578,7945.97151950955,0.0791874390646774,0.140503782050795,7576.05075975477
"108","Israel",1996,"ISR",64,720613,12449.8704628812,8499.44174740851,0.0772965418733875,0.140503782050795,7852.78587370425
"109","Israel",1997,"ISR",66,720613,12462.005619566,8580.69753005845,0.0747926785987447,0.140503782050795,7893.41376502922
"110","Israel",1998,"ISR",68,720613,12285.371091154,8095.64785316336,0.0698021666560999,0.140503782050795,7650.88892658168
"111","Israel",1999,"ISR",70,720613,12025.6455739366,7652.60403703023,0.0653012330164809,0.140503782050795,7429.36701851511
"112","Israel",2000,"ISR",72,716560,12745.683671658,8327.54375299401,0.0629716498346273,0.140503782050795,7746.571876497
"113","Israel",2001,"ISR",74,716560,13279.7399262669,8504.27401234054,0.0650806312310061,0.136758869099057,7834.93700617027
"114","Israel",2002,"ISR",76,897490,13284.9499874984,7981.51892642608,0.0659401334001594,0.12785358794731,8478.20946321304
"115","Israel",2003,"ISR",78,909046,13066.2407580075,8225.28122824777,0.06486405990792,0.138143531494321,8657.87061412388
"116","Israel",2004,"ISR",80,964035,13508.9628062116,8605.12541332179,0.0635803509669135,0.142870372771355,9122.7377066609
"117","Israel",2005,"ISR",80,946052,13840.2158759553,8921.94219756222,0.0626491269041474,0.143276329114377,9191.23109878111
"118","Israel",2006,"ISR",80,1061868,14051.5557626898,9315.25356781371,0.0604956445483926,0.140832502052754,9966.96678390686
"119","Israel",2007,"ISR",80,900984,15752.0920211196,11382.2028782302,0.06367865558416,0.153710363508458,10196.0214391151
"120","Israel",2008,"ISR",80,1065886,15952.05820363,13803.7134687098,0.0639180108446489,0.151926380368098,12231.2867343549
"121","Israel",2009,"ISR",80,1065886,15633.8553815941,12754.2379346649,0.0614811192852559,0.145926742761709,11706.5489673324
"122","Israel",2010,"ISR",80,1319428,15747.3697969867,13875.2116224522,0.0593634504002675,0.146787615051396,13534.7458112261
"123","Israel",2011,"ISR",80,1319428,15918.3744938147,15163.2277195071,0.0579375335779688,0.145581389108765,14178.7538597536
"124","Israel",2012,"ISR",80,1476000,16240.4536678197,14600.6659889209,0.0567159045259395,0.140387406302833,14680.3329944605
"125","Israel",2013,"ISR",80,1674330,16738.1662136219,16324.8180438467,0.0557854001055897,0.138055165855909,16534.0590219234
"126","Israel",2014,"ISR",80,1808222,18007.5963530108,17810.0435308174,0.0575337005689316,0.147851932286446,17946.1317654087
"127","Israel",2015,"ISR",80,1678953,18257.303069782,16516.7874447923,0.0550902752450181,0.145894266540312,16653.1587223961
"128","Israel",2016,"ISR",80,1792494,19212.7917774232,17488.1761650017,0.0548511716730168,0.144578572504465,17706.5580825008
"129","Israel",2017,"ISR",80,1792494,20053.4009732178,19434.1297023181,0.0552874121005764,0.142475553528905,18679.534851159
"130","Israel",2018,"ISR",80,1792494,20074.0986230944,19759.1734506567,0.0533188467038149,0.134556116730233,18842.0567253284
"131","Israel",2019,"ISR",80,1792494,20504.3771043771,20504.3771043771,0.051929328296119,0.132590165362131,19214.6585521886
"132","Israel",2020,"ISR",90,1792494,21065.0207764366,21704.4534883721,0.0562452693315313,0.120883286273088,19814.696744186
"133","Pakistan",1988,"PAK",0,258279,3886.98942273875,2721.72323962829,0.0678581073127497,0.251016888308281,2652.25661981414
"134","Pakistan",1989,"PAK",0,262852,3898.48600074773,2580.14263807414,0.0653272525576236,0.251016888308281,2604.33131903707
"135","Pakistan",1990,"PAK",0,249485,4114.49012369098,2810.10162433087,0.0652232023523122,0.251016888308281,2652.47581216544
"136","Pakistan",1991,"PAK",0,280269,4404.54652307843,3067.12379415818,0.0657095278815428,0.251016888308281,2934.90689707909
"137","Pakistan",1992,"PAK",0,329809,4683.24915368572,3388.77637265377,0.0669818754925138,0.251016888308281,3343.43318632689
"138","Pakistan",1993,"PAK",0,329224,4659.31644437663,3308.7607445779,0.0642731262310377,0.251016888308281,3300.50037228895
"139","Pakistan",1994,"PAK",0,349552,4525.45081750691,3320.61792937389,0.0592354829296761,0.273959292078393,3408.06896468695
"140","Pakistan",1995,"PAK",0,360073,4603.68681123997,3665.93242675246,0.0582022528285793,0.27206225534919,3633.33121337623
"141","Pakistan",1996,"PAK",0,360073,4602.47801488021,3547.79967127419,0.0603716630506556,0.24575826986178,3574.26483563709
"142","Pakistan",1997,"PAK",0,360073,4406.81445563348,3320.23886260535,0.056212164889017,0.250372807862256,3460.48443130268
"143","Pakistan",1998,"PAK",2,318240,4406.77720558507,3218.88173828494,0.054150950442544,0.234468863343461,3200.64086914247
"144","Pakistan",1999,"PAK",8,318240,4450.35202013454,3080.76451444121,0.0518989926490607,0.239751601619306,3131.5822572206
"145","Pakistan",2000,"PAK",14,271440,4459.88237263412,2973.07272191798,0.0416872271381496,0.224228170087259,2843.73636095899
"146","Pakistan",2001,"PAK",20,271440,4771.04455823678,2842.04679042489,0.0387893394479455,0.240323891062273,2778.22339521244
"147","Pakistan",2002,"PAK",26,296000,5130.83253112861,3273.40189338254,0.0407377016787657,0.225692981352334,3116.70094669127
"148","Pakistan",2003,"PAK",32,403742,5482.8265983807,3722.81479429284,0.0409142718735613,0.254143724777713,3880.11739714642
"149","Pakistan",2004,"PAK",38,384683,5708.16395140044,4128.19548936711,0.0395603411669147,0.260578625401703,3987.51274468355
"150","Pakistan",2005,"PAK",44,425484,5941.07810075002,4587.1174251653,0.0389701939256291,0.244505565860216,4420.97871258265
"151","Pakistan",2006,"PAK",50,652998,6039.39090711483,4969.19761146682,0.0364525520437771,0.213651130175244,5749.58880573341
"152","Pakistan",2007,"PAK",60,565401,6081.4067785223,5342.57513768038,0.0351198610011098,0.180277477315316,5498.29256884019
"153","Pakistan",2008,"PAK",70,624355,5733.52421599382,5226.67878650153,0.0345937100362745,0.161334729229469,5735.11439325077
"154","Pakistan",2009,"PAK",80,624355,5908.67636475356,5274.56497076961,0.0326522399322955,0.169404920996777,5759.0574853848
"155","Pakistan",2010,"PAK",90,699132,6178.56009226363,5974.61317607619,0.0342369097294437,0.168346660501673,6482.9665880381
"156","Pakistan",2011,"PAK",100,699132,6513.13327446201,6954.78751126317,0.0328565081602325,0.169807372552568,6973.05375563158
"157","Pakistan",2012,"PAK",110,746811,6907.27281321626,7478.97108202563,0.0348439877285312,0.160899507718915,7473.54054101281
"158","Pakistan",2013,"PAK",115,781911,7134.72347743957,7645.45552942566,0.0347097250708344,0.159065082184649,7732.28276471283
"159","Pakistan",2014,"PAK",120,867340,7495.81924164531,8654.92319190126,0.0347657944030318,0.173004669076832,8664.16159595063
"160","Pakistan",2015,"PAK",125,948983,8143.03332180314,9483.48237308916,0.0355138724305165,0.179623861947681,9486.65618654458
"161","Pakistan",2016,"PAK",130,1006824,8415.93115881103,9973.76805878466,0.0359474546951394,0.180322155733045,10021.0040293923
"162","Pakistan",2017,"PAK",140,1006824,9321.00853294253,11461.2539165641,0.0377444886134427,0.177176252058298,10764.746958282
"163","Pakistan",2018,"PAK",150,1006824,10523.7619592271,11732.1317620538,0.0412913136448543,0.19089009527101,10900.1858810269
"164","Pakistan",2019,"PAK",150,1006824,10388.3181645683,10388.3181645683,0.0410881635812999,0.186970701135186,10228.2790822842
"165","Pakistan",2020,"PAK",160,1006824,10097.2213870912,10376.3816208134,0.0402471400579356,0.174058451653021,10222.3108104067
"166","Russia",1988,"RUS",36538,9348700,47153.8500214495,7766.72007841342,0.0442703232125367,0.0690551700822641,50626.8600392067
"167","Russia",1989,"RUS",35078,9348700,47153.8500214495,7766.72007841342,0.0442703232125367,0.0690551700822641,50626.8600392067
"168","Russia",1990,"RUS",32980,9348700,47153.8500214495,7766.72007841342,0.0442703232125367,0.0690551700822641,50626.8600392067
"169","Russia",1991,"RUS",29154,9348700,47153.8500214495,7766.72007841342,0.0442703232125367,0.0690551700822641,50626.8600392067
"170","Russia",1992,"RUS",26734,9348700,47153.8500214495,7766.72007841342,0.0442703232125367,0.0690551700822641,50626.8600392067
"171","Russia",1993,"RUS",24403,9348700,41220.782452795,7766.72007841342,0.0418132464712269,0.0690551700822641,50626.8600392067
"172","Russia",1994,"RUS",21339,9348700,38967.7578252348,13547.8717334246,0.045237006553879,0.0690551700822641,53517.4358667123
"173","Russia",1995,"RUS",18179,8199996,25639.2579702409,12741.6294704057,0.0378442996742671,0.0690551700822641,47370.7947352028
"174","Russia",1996,"RUS",15942,8199996,24209.4020625871,15826.3406518084,0.0375655882080282,0.0690551700822641,48913.1503259042
"175","Russia",1997,"RUS",15442,8199996,26467.425852533,17577.3531806466,0.0403980929678188,0.0690551700822641,49788.6565903233
"176","Russia",1998,"RUS",14368,8199996,15739.9957036634,7955.73040098588,0.0273264908865687,0.0690551700822641,44977.8452004929
"177","Russia",1999,"RUS",13188,8199996,17479.5644371867,6469.03521135342,0.0307328792235108,0.0898860361074725,44234.4976056767
"178","Russia",2000,"RUS",12188,8199996,23583.9693874372,9228.20414373676,0.0330702983667541,0.10819631406783,45614.0820718684
"179","Russia",2001,"RUS",11152,8199996,25487.2126825104,11683.1513447726,0.0354631922908818,0.113025343308096,46841.5556723863
"180","Russia",2002,"RUS",10114,1109800,28234.5351229298,13943.8250634002,0.0375627739108018,0.111384897329319,12520.9125317001
"181","Russia",2003,"RUS",9076,1261125,29604.9565746126,16973.7390851036,0.0367083808960104,0.112922569839353,14792.4945425518
"182","Russia",2004,"RUS",8038,1530612,30943.5417761998,20955.4135706279,0.0330035364660483,0.111703811360247,18130.7667853139
"183","Russia",2005,"RUS",7000,2976720,35164.5396626549,27336.9772736915,0.0333010319224077,0.113363178995535,28552.0886368458
"184","Russia",2006,"RUS",6643,2817460,38921.808858267,34517.781618918,0.0324525437911028,0.112065367056276,31346.190809459
"185","Russia",2007,"RUS",6286,3825200,42366.4429425577,43534.9949962472,0.0311854207894397,0.0978733898031898,40893.4974981236
"186","Russia",2008,"RUS",5929,4782220,46551.1937839122,56183.7853932539,0.0314948601738606,0.0986315841595838,52002.992696627
"187","Russia",2009,"RUS",5527,4782220,48841.027502853,51532.1167975199,0.0392406339875413,0.101920224003286,49677.1583987599
"188","Russia",2010,"RUS",5215,4695300,49833.8967888213,58720.2276087579,0.0358508572056051,0.101222956275016,52836.613804379
"189","Russia",2011,"RUS",4858,4695300,53184.6087457342,70237.5239514946,0.0343304383760131,0.103214635718714,58595.2619757473
"190","Russia",2012,"RUS",4750,7576200,61622.4158976064,81469.3999312577,0.0368924043459907,0.108415558713595,78615.6999656288
"191","Russia",2013,"RUS",4650,8285520,64625.5073174611,88352.8964635598,0.0385404258314373,0.111221783289798,85604.0482317799
"192","Russia",2014,"RUS",4600,8206830,69260.6834365382,84696.5046534978,0.0411299297822323,0.117721980267326,83382.4023267489
"193","Russia",2015,"RUS",4500,6433130,74649.0443188243,66421.8221799206,0.0487151474680202,0.138107112237532,65376.5610899603
"194","Russia",2016,"RUS",4490,6732000,80026.9313153743,69245.2945528466,0.0542514770504505,0.148283950033968,68282.6472764233
"195","Russia",2017,"RUS",4300,6732000,64847.5276032746,66913.0335367831,0.0424899605173948,0.12199182172143,67116.5167683916
"196","Russia",2018,"RUS",4350,6732000,62404.2213437496,61609.2047564171,0.0369251875943369,0.114031604909062,64464.6023782085
"197","Russia",2019,"RUS",4330,6732000,65201.3358483565,65201.3358483565,0.0383211568128629,0.113989991642989,66260.6679241782
"198","Russia",2020,"RUS",4310,6732000,66838.1819264515,61712.5371689371,0.0426344983553312,0.114318383818012,64516.2685844686
"199","South Africa",1988,"ZAF",5,301787,5498.28031689234,4263.08682322617,0.0462375902257971,0.0550455349730396,3640.47841161308
"200","South Africa",1989,"ZAF",6,358684,5423.14252644415,4181.88646727775,0.0435788474069836,0.0550455349730396,3884.36323363887
"201","South Africa",1990,"ZAF",0,392125,4884.13989600792,4364.45820385573,0.0389635147817926,0.0550455349730396,4142.85410192786
"202","South Africa",1991,"ZAF",0,388472,4012.08423492204,3874.41513479061,0.0322263389360805,0.0550455349730396,3879.5675673953
"203","South Africa",1992,"ZAF",0,410686,3453.92120277841,3677.40646070666,0.0281765061454765,0.0550455349730396,3892.13323035333
"204","South Africa",1993,"ZAF",0,366009,3191.91297480524,3254.31337866538,0.0249552369800039,0.0550455349730396,3457.20168933269
"205","South Africa",1994,"ZAF",0,340491,3403.22738682806,3478.58229131463,0.0256196590060566,0.0550455349730396,3441.74614565732
"206","South Africa",1995,"ZAF",0,288448,3027.52863928335,3292.44656184434,0.0211786404667743,0.0550455349730396,3088.46328092217
"207","South Africa",1996,"ZAF",0,288448,2631.44666269438,2591.78713061277,0.0175587879819291,0.0550455349730396,2738.13356530638
"208","South Africa",1997,"ZAF",0,288448,2419.0356638318,2414.13770952873,0.0158213355671958,0.0550455349730396,2649.30885476436
"209","South Africa",1998,"ZAF",0,288448,2143.42050209015,1905.65600874051,0.0138316672312245,0.0550455349730396,2395.06800437026
"210","South Africa",1999,"ZAF",0,288448,2053.98232595374,1738.03662504829,0.0127205293062738,0.0550455349730396,2311.25831252414
"211","South Africa",2000,"ZAF",0,288448,2410.74557150416,1891.72501343693,0.0138728913141799,0.0550455349730396,2388.10250671846
"212","South Africa",2001,"ZAF",0,187000,2695.5134084065,1802.262236357,0.0148316101798605,0.0588311126951748,1836.1311181785
"213","South Africa",2002,"ZAF",0,175370,2953.58272375252,1766.08289772027,0.0152930955872386,0.0615901631750989,1759.89144886013
"214","South Africa",2003,"ZAF",0,265344,2923.55354131845,2574.17627813213,0.014688112381823,0.05776435654725,2613.80813906606
"215","South Africa",2004,"ZAF",0,315240,3026.47063044317,3099.06512541623,0.0135572857797827,0.0533514200661463,3125.73256270812
"216","South Africa",2005,"ZAF",0,353100,3359.97811886063,3566.96381537049,0.0138376969035915,0.0491166643930979,3548.98190768524
"217","South Africa",2006,"ZAF",0,440570,3406.271614589,3506.13965783314,0.0129074698271175,0.0467786711957111,3955.91982891657
"218","South Africa",2007,"ZAF",0,336282,3356.41322370331,3525.68424369479,0.0117751725288717,0.0433312167576969,3444.2521218474
"219","South Africa",2008,"ZAF",0,303620,3332.87600751414,3285.92508128339,0.0114584331442431,0.0399644753675762,3161.0625406417
"220","South Africa",2009,"ZAF",0,303620,3484.59301447843,3592.68770202285,0.0121400204252781,0.0382854020418378,3314.44385101143
"221","South Africa",2010,"ZAF",0,434800,3372.64024103679,4188.16809220321,0.0111580825092212,0.0354825569890656,4268.08404610161
"222","South Africa",2011,"ZAF",0,434800,3493.91202081337,4594.15407794655,0.0110325767555138,0.0357308113747345,4471.07703897327
"223","South Africa",2012,"ZAF",0,454350,3651.54875088408,4489.59009594432,0.011327931119157,0.036113582298374,4516.54504797216
"224","South Africa",2013,"ZAF",0,390350,3723.94577470694,4118.20848342734,0.0112327426203249,0.0355514098409905,4010.85424171367
"225","South Africa",2014,"ZAF",0,388360,3727.69371825245,3892.48509106944,0.0110943788284507,0.0348518886720925,3888.04254553472
"226","South Africa",2015,"ZAF",0,345960,3758.56013348948,3488.86794783997,0.0109918207478519,0.033381696328137,3474.23397391998
"227","South Africa",2016,"ZAF",0,313250,3660.95098216984,3139.31212841824,0.0106519964469914,0.0324671675395061,3135.90606420912
"228","South Africa",2017,"ZAF",0,313250,3608.54560254443,3591.50761336993,0.0103006055246802,0.0315854073337745,3362.00380668497
"229","South Africa",2018,"ZAF",0,313250,3458.14235138632,3622.91874255151,0.00984961398491524,0.0296668688247506,3377.70937127575
"230","South Africa",2019,"ZAF",0,313250,3435.73603709599,3435.73603709599,0.00978057396964981,0.0276816388073068,3284.118018548
"231","South Africa",2020,"ZAF",0,313250,3475.20120385809,3150.82888025261,0.0107419344292801,0.026131760091538,3141.66444012631
"232","United Kingdom",1988,"GBR",350,3362940,60274.7241232638,38357.2365139578,0.0421428762838849,0.113281119457908,35993.3182569789
"233","United Kingdom",1989,"GBR",350,3349802,60805.3769060339,37456.6468133108,0.0404095433156431,0.110596019183503,35477.3334066554
"234","United Kingdom",1990,"GBR",350,4024789,60892.0071776131,43545.0948401343,0.03983217694585,0.104706382125597,41896.4924200672
"235","United Kingdom",1991,"GBR",350,4096514,61595.3685791622,47045.4573273683,0.0411680242273171,0.105567700570976,44005.2986636842
"236","United Kingdom",1992,"GBR",250,4311870,57531.8649959395,45592.5918179765,0.0386471776641263,0.0937852167793514,44355.6459089883
"237","United Kingdom",1993,"GBR",250,2896542,54903.9165335328,38113.2067914603,0.0359064951247979,0.0871781193032326,33539.3133957302
"238","United Kingdom",1994,"GBR",250,3487097,53393.3641481945,38569.0135048574,0.0338193371776532,0.0828447469739075,36719.9917524287
"239","United Kingdom",1995,"GBR",234,3421687,50079.6396767279,38294.2830798348,0.0285419949053587,0.0757120447630055,36255.5765399174
"240","United Kingdom",1996,"GBR",203,3421687,49600.8751970909,38566.1346453921,0.0272459232198324,0.0762674515679445,36391.502322696
"241","United Kingdom",1997,"GBR",203,3421687,47839.4292014664,39889.947448983,0.0256014877225605,0.073499588072778,37053.4087244915
"242","United Kingdom",1998,"GBR",240,3552500,47995.7925668443,41222.1258326215,0.0249596227501881,0.0725506915491494,38373.5629163107
"243","United Kingdom",1999,"GBR",240,3552500,47739.9954925686,40760.4006665656,0.0242290959332375,0.0712587572122906,38142.7003332828
"244","United Kingdom",2000,"GBR",280,3371280,48701.1798160146,39343.7112725782,0.023727966452319,0.0696858351268685,36528.2556362891
"245","United Kingdom",2001,"GBR",280,3564000,50630.0262875878,39512.5799436497,0.0241112210130721,0.0692298080332635,37576.2899718249
"246","United Kingdom",2002,"GBR",280,3564000,53639.9158022941,44245.2659983094,0.0248565967470705,0.0692337040667866,39942.6329991547
"247","United Kingdom",2003,"GBR",280,4252770,57459.1024321223,52343.1222770674,0.0255206201518244,0.0687497518545174,47435.4111385337
"248","United Kingdom",2004,"GBR",280,5649210,58172.0853620513,60250.7825447032,0.0249782136751626,0.0656709374163412,58371.4412723516
"249","United Kingdom",2005,"GBR",280,5515800,58715.9936408945,61653.635038462,0.0243420322804432,0.0631712435404939,58405.817519231
"250","United Kingdom",2006,"GBR",225,6318900,58985.3306202772,64217.6195283273,0.0237308699925628,0.0618801230895381,63703.3097641636
"251","United Kingdom",2007,"GBR",225,7310100,60591.2317547453,73448.0320141665,0.0237420774768425,0.061718615247673,73274.5160070832
"252","United Kingdom",2008,"GBR",225,7041200,63243.8919307967,72915.4076697404,0.0249572301610235,0.0609880274260097,71663.7038348702
"253","United Kingdom",2009,"GBR",225,7041200,64257.2028349005,64010.506669801,0.0265348501633322,0.0595977657937538,67211.2533349005
"254","United Kingdom",2010,"GBR",225,6042000,63177.1751568165,63979.1119702694,0.025781595020387,0.0576885234494002,62199.5559851347
"255","United Kingdom",2011,"GBR",225,6042000,61041.3130938525,66569.5525731349,0.0250272640170618,0.0574906595534125,63494.7762865675
"256","United Kingdom",2012,"GBR",225,5796700,59346.2903354491,65452.4875542416,0.0242056473058588,0.0554978132630455,61709.7437771208
"257","United Kingdom",2013,"GBR",225,5560000,57176.620685622,63837.7248554312,0.0229364024087307,0.0547665708865895,59718.8624277156
"258","United Kingdom",2014,"GBR",220,5972400,56154.307308814,66995.4686542895,0.0218390624805422,0.0531702425268783,63359.7343271447
"259","United Kingdom",2015,"GBR",215,5420800,53995.6867994729,59990.2057193245,0.0204550319219844,0.0508608002665035,57099.1028596622
"260","United Kingdom",2016,"GBR",215,4870800,53807.4075595607,53327.3276343844,0.0198143825493354,0.0501650464649394,51017.6638171922
"261","United Kingdom",2017,"GBR",215,4870800,53448.7627499998,51633.5392171638,0.0194632499636255,0.0497162391050154,50170.7696085819
"262","United Kingdom",2018,"GBR",210,4870800,54162.9452241445,55680.2282149866,0.0194875570783718,0.0501893829002809,52194.1141074933
"263","United Kingdom",2019,"GBR",205,4870800,56856.1330660076,56856.1330660076,0.0201300457304406,0.0520914284422545,52782.0665330038
"264","United Kingdom",2020,"GBR",195,4870800,58484.9183587013,59238.46225,0.022465466792599,0.04227486121099,53973.231125
"265","United States",1988,"USA",23205,28193760,669443.048571912,309661.269300954,0.060712777020948,0.0955975757498972,295799.434650477
"266","United States",1989,"USA",22217,29506620,663787.520433923,321866.55880832,0.0587120600804653,0.0955975757498972,308466.37940416
"267","United States",1990,"USA",21392,28959900,636176.125531447,325129.313986031,0.0560517529438794,0.0955975757498972,307364.156993016
"268","United States",1991,"USA",19008,28582000,561979.012109238,299372.779114591,0.0488342939776313,0.0955975757498972,292596.389557296
"269","United States",1992,"USA",13708,27439800,592212.3403408,325033.735954804,0.0497046680768284,0.0955975757498972,299715.867977402
"270","United States",1993,"USA",11511,27143480,560519.237191198,316719.443747423,0.0460435029507644,0.0955975757498972,294077.121873712
"271","United States",1994,"USA",10979,26606340,531381.27185984,308084,0.042152646751779,0.0955975757498972,287073.7
"272","United States",1995,"USA",10904,26182260,496360.310688731,295853.097724661,0.038602457917389,0.0955975757498972,278837.848862331
"273","United States",1996,"USA",11011,26182260,469361.049767698,287960.66867894,0.0355498220635218,0.0955975757498972,274891.63433947
"274","United States",1997,"USA",10903,26182260,466933.001712198,293167.825790971,0.0340556224418855,0.0955975757498972,277495.212895486
"275","United States",1998,"USA",10732,26182260,456389.548821137,290996.055088378,0.0320155849896996,0.0955975757498972,276409.327544189
"276","United States",1999,"USA",10685,27588600,457512.650980138,298094.891322404,0.0308567678324746,0.0955975757498972,286990.445661202
"277","United States",2000,"USA",10577,27588600,475217.437619995,320086.324211196,0.0311224214697679,0.0955975757498972,297986.162105598
"278","United States",2001,"USA",10526,27588600,479076.98739295,331805.610572137,0.0312380980266703,0.0955975757498972,303845.805286068
"279","United States",2002,"USA",10457,33447600,537911.92971433,378463.138753841,0.0344761809928778,0.102750015340386,356469.569376921
"280","United States",2003,"USA",10027,37945600,612232.611746641,440532.069586192,0.0382716104473623,0.112968759189728,409994.034793096
"281","United States",2004,"USA",8570,51903600,667284.639162743,492999.376159397,0.0401631273640692,0.119684764051846,506017.688079698
"282","United States",2005,"USA",8360,51046200,698019.039243438,533203,0.0409003487632585,0.120539449432606,521832.5
"283","United States",2006,"USA",7853,49383000,708077.303466164,558335,0.0404162723678969,0.119964565079974,526082.5
"284","United States",2007,"USA",5709,50505000,726971.528961954,589586,0.040796550810522,0.117870923875287,547318
"285","United States",2008,"USA",5273,55986400,779854.12310741,656756,0.0446382735629989,0.119719995399003,608310
"286","United States",2009,"USA",5113,55986400,841220.472930465,705917,0.0488559968011478,0.117777933127971,632890.5
"287","United States",2010,"USA",5066,64972800,865268.024824336,738005,0.0492264167706996,0.123344553489056,693866.5
"288","United States",2011,"USA",4897,64972800,855022.313452155,752288,0.0484017399490275,0.124442085949283,701008
"289","United States",2012,"USA",4881,68601200,807530.26711473,725205,0.0447740121867267,0.120220533200581,705608.5
"290","United States",2013,"USA",4804,64361100,745415.975253309,679229,0.0404667887867098,0.112508108122434,661420
"291","United States",2014,"USA",4717,61307400,699563.841963659,647789,0.0369589465026568,0.104157829930111,630431.5
"292","United States",2015,"USA",4571,59745600,683677.745113247,633829.639,0.0347784516633609,0.0988644285480539,615642.8195
"293","United States",2016,"USA",4018,61246800,681579.835830882,639856.443,0.0341894233677988,0.0962375089528484,626162.2215
"294","United States",2017,"USA",3822,61246800,674557.211177909,646752.927,0.0331338129427849,0.0937045228327948,629610.4635
"295","United States",2018,"USA",3785,61246800,694859.577913581,682491.4,0.0331624880838269,0.0936144408095522,647479.7
"296","United States",2019,"USA",3805,61246800,734344.1,734344.1,0.0342708018052996,0.0958764254119547,673406.05
"297","United States",2020,"USA",3750,61246800,766582.825358332,778232.2,0.0374116009078512,0.0792617655617091,695350.1
